"x1";"x2";"x3";"x4"
-4,05411544570336;-3,07943651017418;-0,318301529072793;-6,74385030679344
-3,35581608499776;2,29934321185848;-0,388665356061976;-5,93891005851364
-2,89388857806008;0,415054343949813;-1,6932709772372;-5,40643922573788
-4,3309698147727;-5,53502780475003;-2,35474318441949;-7,06298453076128
-3,67276314679173;-0,486329985443531;0,0535953258996553;-6,30425973655745
-2,02414608939167;-3,32762998904209;-1,59303465723657;-4,40387388748406
-2,51284683330112;-2,7923806139012;-2,02746619833199;-4,96720663597678
0,0968097996386605;-3,51248448304221;-0,995742647468269;-1,95901591399043
-0,959121179847954;2,03486790457388;-0,861313621572554;-3,17620354528862
-3,31728847712696;-3,789453771737;-2,81546909689826;-5,89449870145066
-5,74512765486083;-3,73365206326204;-2,0915187996346;-8,69310568933883
-1,14614250329245;2,93978251315182;0,417656229609841;-3,39178585711391
-6,25688574667542;-4,68013867254474;-1,29555299985653;-9,2830169919472
-2,76782876343681;-1,20149003876971;-1,5208711772405;-5,26112816834492
1,00976089672524;-3,45454145134802;-2,55531195868608;-0,906643358452599
0,86713524476232;-1,74110321240762;-1,45167199682594;-1,07105010742355
-5,19079335678039;-2,0958770619799;0,723865313896007;-8,05411614898466
2,07883427479802;-2,82155137150956;-0,745370481167913;0,325693714727157
0,799151225188709;-2,14783979560034;0,0386511516887746;-1,14941631635054
-0,152675177046488;-4,32946051446584;-2,65324679222641;-2,2466010248691
-2,66646631633062;-4,3494888389475;-1,01450448829134;-5,1442861405111
-3,43361353354015;-4,2746064236171;-1,92901624394458;-6,0285883556296
-3,11445193632752;-3,82456979925844;0,125696956622545;-5,6606859490713
0,317064159742916;-1,44738910306461;-0,555555113635683;-1,70512537751925
-1,15120305918903;-0,333971014755247;-1,66437209885668;-3,39761923653403
-0,501953129457177;-1,35668431848174;-2,20699997941082;-2,64921901015271
-4,11835642722429;-1,45502472397764;-3,43288058903341;-6,81790185907174
-2,28990220565496;-0,669770994445422;-0,639284425516794;-4,71021498736806
-2,77239216746575;-1,22700634554693;-2,59483488167251;-5,26638847327825
-5,07279192421478;-3,8798955190853;-0,446979624204029;-7,91809411062741
-4,42834923242485;-3,19426567181682;-0,986579953566375;-7,17523526022359
1,07002452397357;-1,08277846528198;-0,634341413545495;-0,837176562678226
-2,49099516937996;-0,190559778131641;-1,23023262054288;-4,9420178920486
-6,35670529114451;-0,490322893493631;0,11183834153403;-9,39808049254519
-7,21265350809627;-5,43262106716153;-1,1915191862744;-10,3847449648879
0,97020852276902;-1,07964708077709;-1,1619598751226;-0,952235978901518
-7,78941089734986;-3,05441087957133;-2,09154753181682;-11,0495819420174
-2,03237663046759;0,656120591074519;-0,779406352465422;-4,41336135682734
-6,37176849162197;-6,50735333272196;-1,70379481349521;-9,41544407185588
0,463536363568799;-3,83977529874597;-1,83582024558285;-1,53628464996286
-2,15874941478188;0,197814332527046;-1,57915894960272;-4,55903317912282
0,0213095478631478;-0,33919005302347;-1,25335092858494;-2,04604619760398
-4,01814373807536;1,7134920729086;-2,29189976575339;-6,70238517464743
-5,00075762146606;-3,47115259621531;0,576865534684669;-7,83505907894612
-0,60750930711024;-1,60734542529446;-1,0390646247209;-2,77089521469867
-7,23937812137008;-3,60431884076894;-1,43476624703811;-10,4155508313318
-3,52037537122835;-0,895922895485782;-1,21292479961586;-6,12860003987257
-5,67882149325889;-2,96051139689358;-2,13844627217289;-8,61667357270561
-2,471225360946;-1,09374422086652;-1,58123186890538;-4,91922893446858
-1,55857172059508;-1,63762275461175;-0,728111774046936;-3,86719926181469
-5,14965475037633;-2,2270998830527;-0,753584137270626;-8,00669505437087
-0,76945741669023;1,16490811376917;-1,02200608414528;-2,95757525318823
0,602534507468777;1,228469899127;-1,24736708326624;-1,37605938447182
-0,995072902043775;-0,866579931372963;-2,84589702683825;-3,2176456399243
-4,38489869660769;-1,31948924077879;-1,33943028525788;-7,12514916956296
-5,51772329283924;-6,24285591871869;-2,14201407694524;-8,43097323737638
-2,50493804701534;-2,94884802191861;-2,20306120219039;-4,95809005825281
-2,63702032034533;-0,452395385273008;-0,636406287153848;-5,11034329500241
-1,46500308836733;-5,2882470914558;-1,94443871117776;-3,75934128242243
-2,26542734342138;0,771914922586229;-1,1002738282814;-4,68200244301888
-2,58148039645466;-0,852462050864576;-0,135495318894227;-5,04632158362518
0,753182888635902;-0,125109337137111;-2,27942137167398;-1,20240471404926
-2,81281953966449;-4,23079200703546;-2,53733311566226;-5,31298971745248
-3,87145707010781;-2,58331618832;-1,56086928345078;-6,53329723102705
-3,55139215079658;0,341714795384639;-0,226896192920877;-6,16435355140559
-2,78876575213194;-0,01175927141897;-1,92252402201622;-5,28526255228803
-0,127905818496574;1,06334424617944;0,125420707137482;-2,21804901015617
-1,31966706796271;-0,0931758848587356;-1,90439345546345;-3,59181025070234
-2,59926621968727;1,67334055524867;-0,634196740309451;-5,06682357141771
-2,92047350987681;-5,18058248020569;-1,99511046734546;-5,43708407925091
-1,57203642006904;-1,69618787111211;-1,16163933079349;-3,8827202248106
1,19126453640091;-3,23898083998648;-0,194309127084788;-0,69742136426862
-3,50446982947038;-2,91009491371049;-0,364584331428535;-6,11026548101124
-2,34886304748313;-4,76942722296201;-1,11786330030562;-4,77818004265895
-0,384331845460848;-5,13535958851465;-2,3583190375547;-2,51363517480833
-2,06132059001416;2,52888402185044;-0,435975090914996;-4,44672549733016
-6,21515501951672;-7,36969851264594;-1,45373163989361;-9,23491335077234
-3,03771269417752;-1,45195138307759;-0,69158168076575;-5,57222746248955
-5,51394888615523;-0,155462120882886;-1,81330000140778;-8,4266224216313
-6,45583274471134;-4,87992282496874;-1,1790376579426;-9,51234620947898
-0,658428168999536;-2,66675765407634;-0,559526062965213;-2,82959015792456
-3,88327872378309;0,100435591196741;-2,09828540998883;-6,54692423024819
-1,53737125689804;-5,00757312739285;-1,74544181101476;-3,84276116624675
-2,59580767421449;-3,87503587628399;-0,403357398730254;-5,06283685367429
-8,95809343944087;-2,91049016185304;-1,93024033863725;-12,3967400070634
-0,368298597741215;-1,2862618226372;-0,732205131695248;-2,49515340735099
-3,89046979772943;-4,48839699299779;0,13826025675994;-6,5552134900893
-7,00132577559703;-3,73108548147275;-2,02648638922589;-10,1411442872437
-2,70099151701878;0,187879096641153;-2,19584017592315;-5,18408386220135
-5,08827390249188;-4,72490158265055;-1,42807206670168;-7,93594042144982
-5,56329525600137;-3,01763058090514;-0,117972913048332;-8,48350472946489
-2,75565743423136;-1,80049298698671;-0,555469157478662;-5,24709809284459
1,60346360058222;1,6848434447027;-2,75445974584452;-0,222273260556274
-3,8155432825734;0,254697982100802;-1,66692588196367;-6,46884456136581
-10,4056602037872;-5,76378772180561;-0,206321588583101;-14,0653721385853
0,910883536985358;-3,62434053583577;0,17341694966591;-1,02062078844458
-6,92518716483275;-0,717601999462659;0,319651008159738;-10,0533781575564
-2,2693531112206;-4,53391731419936;-1,40322456431491;-4,6865277350137
-2,79482371991454;-1,97908484030064;-0,9813486201451;-5,29224566349419
-5,14736920936263;-3,35722821304532;-2,7376198063317;-8,00406047663165
-5,75332616786168;-2,79874124919748;-0,142634833082592;-8,70255623943494
-2,1544460303222;-2,0046910787458;-0,349200412173157;-4,55407260268477
-5,55813245906107;-4,27466076668506;-1,10826011978782;-8,47755349524532
-0,641296262221283;-3,16961036560748;-1,48622014417923;-2,80984194953202
-5,52591638518795;-0,234283385215509;-0,292950696270566;-8,44041753900468
-8,31350315956602;-3,17087275513996;-0,258411119844;-11,6537110296389
-0,479441626438017;-3,27044299040049;-3,04359348982868;-2,62326965970352
-4,06118964507842;-2,11504418698851;-2,39763814483825;-6,75200484354626
-7,2991719772503;-4,92541778851766;-1,54520195028813;-10,4844761145359
3,11617426873218;-0,167262330128358;-0,591793429438362;1,52145123543319
-1,53075633105759;-4,64990287650637;-1,45400924046743;-3,83513604105262
-7,29417539017789;1,32926328423469;-0,993076798253858;-10,4787164729481
0,126209500849436;-1,29405461305918;-0,177524698231267;-1,92512643316943
-0,497729959223815;-4,85961489552499;-2,58332209907989;-2,64435089786812
-1,26232443539282;-3,79049007485417;-1,45451209687348;-3,52571052972997
-7,73811911910223;-7,09841037738764;-3,19205165205596;-10,9904571324577
-2,77132424767545;-3,78617402297664;-1,15960335564813;-5,26515746596316
-2,58253561470811;-3,83329169918103;-1,88205035693211;-5,04753794968638
-1,48203220624613;0,689892607207446;0,615420927494493;-3,77897100449392
-3,17367582253223;-1,81844236214776;-0,560626108940753;-5,72895421959864
-3,09719261615206;-5,74539188782617;-2,20717243643951;-5,64079086932623
-5,29090684767263;-3,64301049993108;-1,223071486191;-8,16951848607621
-8,80030488084042;-7,58773172935246;-2,32003223594978;-12,214854745981
-2,3298915325763;-3,62809588249718;-2,87896388611468;-4,75631129011718
-5,338110701637;-2,2834581262448;-1,44070890659725;-8,22393108340617
-4,75460426826677;-3,42044270083298;-1,2461921515094;-7,55131438091442
-4,38587791167413;-2,98912717557104;-2,02956381469972;-7,12627792559949
-0,156751248383423;0,834214553446959;-0,822863853943456;-2,25129957402808
-5,31971260696449;0,543997228739751;-0,596797518996385;-8,2027233210525
-6,11072657468854;-6,12229100905918;-1,55581528871716;-9,11453710093225
-1,28304806116333;-1,97180537779659;0,537920053409917;-3,54959896699864
-4,40896653623341;-3,15133937207628;-1,74793774952829;-7,15289253278803
-1,03977497086825;-1,52077257314427;-2,5644942260231;-3,26917439163593
1,46378924821109;-3,28762857727189;-3,15424127828532;-0,383278001792659
-2,40759730099696;-2,15232091076541;-0,513928790691137;-4,8458839061684
-5,15112386537093;-7,22591829036383;-2,13439768649621;-8,00838852547374
1,79404917905619;-2,26863115718806;-2,14643428936126;-0,00258237798067773
-2,14247668785574;-3,42667715450611;-1,28569582195888;-4,54027536035741
-5,97212385101803;0,411599505261385;-1,11159326317653;-8,95476764232805
-1,38955145658089;-5,35138907986184;-1,75564094060508;-3,6723670438066
-4,02319925332285;-2,14347054130879;-1,22829025574489;-6,70821274363502
-0,349651400657765;-1,18112686727346;-0,382028203008235;-2,47365850087576
-0,929062956167717;2,18482266160423;-2,14603081382206;-3,14155497564426
0,486303564776023;-1,60534641757079;-0,495280257117808;-1,51004055233994
-3,47105851285417;-3,55710587074766;-1,09863583074218;-6,07175175035963
-2,29291324407247;-0,518027285329918;-1,62337166917956;-4,71368585695173
-0,669204471299503;-1,61228084924096;-0,0936391325094352;-2,84201216478436
0,595874504116792;-3,8341202089372;-2,04620971862467;-1,38373647119616
-4,7114413819284;-6,27802670918475;-0,746655077074991;-7,50155986816423
-0,0532764371413679;-2,58326248898662;-0,994284120791035;-2,13202259206475
-2,67294153040586;-2,73506157190967;-3,70011849802706;-5,15175021783765
-1,19533385325484;-1,68187762999069;-1,81816067593305;-3,44848947117986
-2,15318366108727;-5,38073098111603;-0,443156479576892;-4,55261745055008
-4,37399079107037;-4,02987386888363;-2,4930936850837;-7,11257546165845
-3,15369709918119;-4,17094716350766;-2,79560957495786;-5,70592444262985
0,175440456615866;0,901209453326789;-2,99165452444144;-1,86837716489337
-1,53448535904992;-6,26885215137977;-1,92907313312318;-3,83943454809258
-4,57462435881781;-4,55089211866398;-2,51435981950235;-7,34384881363847
-1,71192085812423;-2,86252882207715;-1,87252061989641;-4,04396713499658
-0,118814248457595;-1,25458895671518;-0,505371740914571;-2,20756901968756
-6,5872290222145;-1,42399553412678;-1,26101993900205;-9,66380868845012
1,63409896309761;-2,45709451386554;-0,169076736045318;-0,186959414236326
-2,52716320968571;-1,27700391196003;-0,287931452367783;-4,98370933984555
-3,08713535397183;0,468385477717246;0,10261452985326;-5,62919771090175
-5,73070783875206;-1,70172391664427;-1,64144806427456;-8,67648374893348
-0,767668941165334;1,25012537546748;-0,695690323447648;-2,95551365036563
-4,41278545642049;-0,00289140519583952;-0,626017218505735;-7,15729465992222
0,484031812143162;-1,18468472066774;-1,2059690664918;-1,51265923600375
-4,12510092359708;-6,270877835935;-2,18895051377438;-6,82567634218075
-4,02436399633382;-3,90852356638682;-2,80127898196096;-6,70955536054288
-5,65562639368208;-8,51786790805151;-1,539991785791;-8,58993623015189
1,53976564258004;-0,156764439702901;-2,15162332193017;-0,295698861400849
1,3369099184647;-0,71065344124797;-2,29366003127912;-0,529533726678956
-3,08551313160986;-4,77387863883385;-0,97269327904303;-5,62732775061782
-2,52550233619192;-2,99462996920559;-1,17868609970166;-4,98179482581664
-4,17115598505405;-4,80359904226855;-2,91261313701403;-6,87876470898987
-5,5440737097228;-3,1618364677073;-2,43030823798399;-8,46134776197439
-0,591503347188165;0,911280042361887;-0,932161739544262;-2,75244490229882
-0,2604844486419;-3,81560562241197;-3,12534066998;-2,37087440492374
-3,80948317331824;-4,7955015359767;-2,96551136491303;-6,46185898165181
-10,1684864680878;-3,42535072966328;0,686531892549846;-13,7919783816349
0,715085937240028;-3,55441616021544;-1,25461214757799;-1,24631964687164
0,103676245597166;2,73877913404896;-0,353111488361088;-1,95110085774714
-3,46811632890653;-1,54265555470975;-1,77729158146324;-6,06836025036612
0,338258281352081;-3,2544909256995;-1,53956907028375;-1,68069459257207
-3,49347888178321;-5,71162078469607;-1,50824306727528;-6,09759604916298
-3,61613357793743;-4,57103636298283;-2,67573673289495;-6,23898197492883
-1,64800789603988;-2,26630010242073;0,380647366465038;-3,97029369569042
-2,20055394998974;-1,74022604521526;-1,11965073519907;-4,60722189995372
-1,45032599891542;3,21116840186977;-0,756751074517987;-3,74242277913824
-4,61375069328899;0,393706807839095;0,13652541052946;-7,38895033192095
-1,99297231369769;-2,69161962669359;1,07125705829955;-4,36793940413929
-5,60973694105461;-5,46152327889738;-2,64386006784978;-8,53703876314855
-3,16666483363519;-1,76976962454454;-1,18662568028217;-5,72087254652111
-5,59469533309696;-2,14929837671029;-0,930318829504788;-8,51970007386245
-2,39696439351692;-2,07854247897482;-0,933124472393677;-4,83362719268915
-3,85834875277259;1,00234529621627;-2,42471198080487;-6,51818707511959
-1,09998413421695;-2,99080977956813;-1,89185147904697;-3,33857840604839
-1,24513760891428;-2,35380039925854;-2,30552581463946;-3,50589901456718
-2,91967437070461;-2,00185810806401;-1,23803926812115;-5,43616289942478
-3,9445834845806;-6,4303667918641;-1,69192726401265;-6,61759115643186
-1,64856101250997;-5,60654601211994;-2,30748110235035;-3,970931281422
-7,15935822522143;-4,53876970370061;-2,88619851834805;-10,3233106852029
-1,97617944377765;-2,14545604970413;0,275186275368989;-4,34858200866766
-6,24797889283565;-3,74831410827092;-1,51837140813074;-9,27274992663881
-3,73702907122769;-5,94603418572427;-2,58996944911411;-6,37834004091165
-0,590506574808285;-1,34367620490246;-1,52834701721088;-2,7512959076812
1,46511323856558;-3,161205845247;-1,64219106492947;-0,381751818060253
-2,36058987585729;1,8905811969401;-0,990463174589192;-4,79169773531944
-4,53174960407145;-3,52990645300505;-2,44205925884107;-7,29442643453791
-0,624139921308186;0,487801206771582;-0,502014880179938;-2,79006557554221
-1,65656969657676;1,85003221695482;-0,497001022805468;-3,98016301283101
-3,73002453328895;-1,1203150428946;-2,33498238303925;-6,37026580395145
-5,58729777480219;-2,97745492134236;-1,87306827828467;-8,51117279638586
-7,07668941060119;-5,50534065684094;-2,57079477946692;-10,228017090636
-0,486372658712956;-0,205421018477103;-0,979134128095102;-2,63125916557188
-3,77229308103972;-4,779338859533;-2,19429556293149;-6,41898939906767
0,170532104041157;-2,15500975384192;-2,40816193717274;-1,87403509723937
-1,93844802533243;-0,192574834231318;-1,00547664953221;-4,30508843121321
1,1369974101005;-1,17793843543421;-2,66834920753756;-0,759975902588033
-8,56340157690584;-4,64833360630001;-1,78616208632165;-11,9417727198215
-0,144718927712356;0,16755849695663;-0,301547828823158;-2,23742973577051
-7,58635682718097;-3,26787696713001;-1,82052796103873;-10,8155184402395
-4,43925506660829;-0,910821657259425;-0,255113228406031;-7,18780658044712
2,99830514097294;-2,65409758017583;-2,53613906271162;1,3855817068299
2,89012016637863;0,101648915292733;-0,911174112003193;1,2608752482387
-4,70525148667476;-1,53065983582521;-1,36667032154019;-7,49442468216426
-0,834591827903627;-4,33845651199497;-1,27491067991437;-3,03265667540333
-0,600745896864087;-2,27768992495935;-2,07941163747773;-2,7630989292814
-1,64810158305511;-4,49294722626906;-1,38864654946432;-3,97040169013169
-3,9162938744224;-1,82135245738714;-0,617337978904792;-6,58498129437861
-4,18659363535409;-1,54529058941504;-1,62817865115907;-6,8965599222818
0,289551981041735;3,40148705938582;-1,22286542015193;-1,7368390825584
1,58445962880214;1,52976778485549;0,693204082625484;-0,244179426627372
-3,54486656758929;-1,83159988857832;-1,08704662355585;-6,15683141281773
-1,95413197150949;-2,68632513019928;-1,39165053158288;-4,32316755349254
0,417674341312842;-0,73887562717589;0,27487623831024;-1,58915049756155
-4,34482035818108;-6,04297252432666;-3,19161371763689;-7,07895026190371
1,93216852005263;-1,13359733931762;-0,595739369493779;0,156629878094674
-2,9019280626017;-3,21248774864701;-0,736968092713987;-5,41570646132068
-4,15232049321062;-5,11752084678541;-0,337183628731802;-6,85705275229325
-8,16535915252366;-1,32756022706367;0,843699624384239;-11,4829431891968
-3,25104347822131;0,363678958577549;-0,00787728643490015;-5,81813708798372
-3,41200816855889;-3,20466060483853;-0,292821874296806;-6,00368352421945
-2,50537646572143;0,104206179108032;-2,36483301257658;-4,95859543013483
-1,20213620202563;-2,22224195158785;-2,73927472163812;-3,45633064162416
-1,90355794450444;-4,53443445465924;-2,14393950516104;-4,26487010665996
-7,05318960020058;-1,05957549807175;-0,165065957716227;-10,2009285033011
-3,39980971412371;-1,22834102087863;-2,18336669159514;-5,98962218105603
-2,90976137613306;-5,50104759949905;-0,943112140401222;-5,42473604045765
-4,80326877034465;-5,75588463763188;-0,914934920698184;-7,6074106894452
-6,3612302013298;-3,89307926087908;-2,64283909029796;-9,40329642504198
-6,8473632601344;-2,04425817586913;0,452005598849387;-9,96366936402877
0,168374498598115;-0,906951840141869;-1,90485121121694;-1,8765222017088
-3,75047990368531;-6,18501065656133;-3,3283574711196;-6,39384501918782
4,66627320687742;1,85605393492578;0,357990197923433;3,30827375646214
-3,40469623784199;-3,08185524967193;-2,94120716575329;-5,99525495094864
-3,24744816515005;1,23388061869159;-1,09467616539731;-5,81399271615829
-4,10199885341035;-4,59272557934931;-0,935669869789829;-6,79904623601383
-4,78997217407044;-0,825417829471199;-1,14452882598775;-7,59208350155342
-4,2787753962191;-5,41430386667902;-1,32297951867173;-7,00281923405115
0,0806545753234547;-1,29392042593096;-1,96686121990305;-1,97763828571673
1,85500401611917;0,525170303245089;-0,973128015510968;0,0676811858148691
1,88393805187701;3,09652007244041;-0,961242016761113;0,101033887016144
-2,41622821012663;-4,30601709118923;-1,76345793049377;-4,8558328858305
-0,0658574775785432;-0,599808294745841;-2,27195299849912;-2,14652494790664
0,920304115761304;-0,0671711010995519;-2,34048936659076;-1,0097615446223
-3,15710312820932;-3,60640399387193;-1,02646299994283;-5,7098506238722
-1,60661810419201;-3,51656882126015;-2,01576215266045;-3,92258305581154
-6,67485358749008;-3,34495619779116;-2,30468239144758;-9,76481485184839
-0,420543121894839;-0,249278657259071;-1,12850648111361;-2,55537646154509
0,499219553320055;-3,25536874340433;-2,80302618702675;-1,49515209674275
-0,0452489295509557;-3,93541540928545;-1,39616809803582;-2,122769162495
-4,58313688846881;0,0701350283809381;-1,14366862772023;-7,35366133548274
-4,36408193494111;1,37023421647052;-0,132892581687566;-7,10115337313642
-2,99313995079685;-2,37526574044728;-1,37354950590823;-5,52084778617552
-1,02474438223406;-1,03866403663848;-1,53117498750217;-3,25184840449086
-8,7036416946994;-3,85278020550092;-0,654455079452233;-12,1034296274284
-6,76215623429701;-1,84088884116491;-0,83792220578938;-9,86544993495264
-7,75744100686024;-0,836165702461816;-0,889005389130302;-11,0127297650911
-2,62602099663175;-3,73227615444002;-1,67493670451434;-5,09766420798166
-1,97114561620171;-1,74609068185191;0,66868345352698;-4,34277943938751
-6,63979663414245;-1,69822126882981;-0,436828809213199;-9,72440417081459
-4,40893397848426;0,284635041349738;0,2024862750753;-7,15285500297752
-1,37350704292408;-1,66114994062354;-0,842726618282293;-3,65387240520437
-6,53561799159086;-4,66231085043225;-0,906511383700407;-9,60431587184179
-6,7891426677177;-0,41647611944503;-0,614250337464757;-9,89655760544497
-5,59880484664062;-4,9470283094003;-2,68139672909294;-8,52443717235958
-6,55742011400058;-3,1558722754138;-2,28207437296571;-9,62944750851947
-8,24962750696731;-2,8933365077999;-0,043756198081415;-11,5800805975419
-3,30623267601401;-1,72210929604146;-1,56423264081225;-5,88175451207635
-7,44435877628345;-0,607347327124741;-0,0864291610934758;-10,6518351365212
-4,29927389136808;-2,06160783007813;-2,77629899310627;-7,02644815984295
-4,67726941137255;-1,80687880142659;-2,23395519454261;-7,46216932019689
-3,41504533573098;-3,54505039993118;-2,54685263097087;-6,00718451281423
-5,40649784118059;-2,28891266674981;-0,874421823516529;-8,30276197482749
-5,07235752848308;-2,64110414972645;0,136795272951064;-7,91759337608891
-2,00420385357941;-2,56430146465414;-1,33540865791484;-4,38088617025379
-4,07057530656287;-1,6095355990543;-0,769514026060628;-6,76282383767784
1,28043142064789;-3,71179848041468;-2,34291732210337;-0,594637346434811
-2,7503690964965;-3,28872678761424;-2,10150515425146;-5,2410021458499
-4,40843801622461;-4,07193824599755;-1,55005297121802;-7,15228329976987
-0,194840401925701;-2,5185875564644;-1,28267232156839;-2,29520551814653
0,783426007932936;0,42158156630247;-1,15920580338146;-1,16754301242732
-6,5592315148654;-3,24462991859973;-0,863923161924338;-9,63153553772859
-3,88796555817396;-6,29992031298119;-2,32702792044609;-6,55232681522897
-4,61934405112573;-8,02505506996263;-2,21538352175777;-7,39539788020636
-1,98472982049854;-4,18575934604473;-1,36886957880646;-4,35843815740256
-1,1137672268771;-0,487764059182638;-1,09155881152429;-3,35446638569184
-0,941122213382279;-2,69318744708595;-0,728728760239749;-3,15545586406345
0,942615005847558;-1,03096680958872;0,107905169074756;-0,984043443738993
-6,2901279474532;-3,80568847746382;-3,0152605117446;-9,32133578021072
-5,45616366269191;-4,14086064855175;-1,73445627812563;-8,36001251943339
-4,5866476331449;-3,95099210824043;-0,704145332049345;-7,35770822403834
-5,13080432063197;-2,56413462387165;-0,451918497419786;-7,98496587852962
-4,92885547281525;-3,26588539213935;-2,15904065772785;-7,75217638329486
-5,18021765147286;-3,82348520777368;-1,85112364770749;-8,04192537331593
-4,216227989177;-3,79919091346007;0,057252171443702;-6,93071989072244
-1,76731760442841;-2,04824278608587;-0,647631781950876;-4,10782380340155
-0,51891006440536;2,01557881120994;-1,45914040277765;-2,66876552586692
-7,12348160315916;-3,25742496008802;1,56176721646062;-10,2819551596285
0,212842889617904;-1,4559235579846;-1,10647664712912;-1,82526281394149
-0,792090508266852;-4,11935935207152;-1,64844270417146;-2,98366476060897
-8,03612746952275;-3,72161689069711;-2,38393598456028;-11,3339758710895
-5,85699596986839;-4,53151522539092;-1,22683682715144;-8,82205799020567
-1,44823437095256;-0,812338996821081;-1,94200416210667;-3,74001172790939
-4,44606614279922;-2,2636782916583;-1,82411008594872;-7,1956578111208
-2,44372440675552;-0,0998302327113989;-0,31388325160777;-4,8875281680929
2,73469556282776;-1,64442720718844;-0,651921092768225;1,08171495394228
-3,37433677332227;-3,3096042810562;-0,694991512466868;-5,96025913642655
-0,958624185827402;-2,72610431757069;-1,78511258964118;-3,17563065275455
-3,35685439792024;-3,22423028619101;-1,10146329656501;-5,94010693754381
-0,934208371444744;-4,70864495748247;-1,37507349001607;-3,14748617375736
-6,99623006999438;-1,0901258622457;-1,34563701943721;-10,1352703902251
3,29501593018171;0,302231581545406;-2,80600612051855;1,72760472700233
-6,48721448533785;-3,73114127825875;-0,827601217406861;-9,54852041715092
-5,52474336426833;-2,39970372731334;-0,810311167996227;-8,43906538002615
-1,39510395937897;-4,7182229531534;-0,680198450141027;-3,67876749787023
-1,82537104728272;-2,84375299825753;-1,09868464415349;-4,17474288615343
-6,38372846711622;-4,22830164697449;2,04567995433864;-9,42923051673252
-1,97195448430256;0,928758365789125;-1,08031629390201;-4,34371183389704
-3,55313536360549;-3,95124560272033;-0,803006761119495;-6,16636297921002
-2,34914132229058;-0,25772299495027;-0,401066095847082;-4,77850081424375
-3,48324320325574;-2,110699133236;-1,20683545664702;-6,08579722751308
-5,87742164097101;-4,75647957597723;-1,06925943312297;-8,84560297061637
-4,36103642295091;-1,99170775058292;-0,343836115766336;-7,09764276534344
-0,21705279287614;-3,94907697078319;0,957305067865066;-2,32081007758429
6,34369213900938;0,0407630360175664;-0,317495348386099;5,24185996272074
0,260584950276119;1,72032314219768;0,291994730402075;-1,77022981760482
2,22515031487956;-0,152106645803236;-0,785912898296707;0,494354429970463
-6,16255164332366;-5,67619190132651;-0,521426081732308;-9,17427664239784
1,3886189141148;0,575441229879746;-0,0543776907974056;-0,46992798430103
-3,6043403354027;-1,59625576696298;-0,170097893161558;-6,22538772565967
-0,0617707928968794;1,26264107515716;-0,416583683404656;-2,14181416458447
-5,02070991472014;-3,9585846296301;-2,8505184444921;-7,85805838954189
0,706326469082985;2,68643277163859;-1,86242821885301;-1,25641681847151
1,87637732019119;-0,755084332492173;-0,505340341702914;0,0923185171005576
-5,76603427176815;-7,52130079688486;-2,35840771036664;-8,71720506326216
-2,86416584172407;-1,52878948286003;-1,52033857836818;-5,37217737743591
-7,3167197950214;-5,18543365219684;-2,19079293044798;-10,5047037498285
-2,82381117806986;-2,24963541180544;-1,27102846739096;-5,32565994550207
-6,52924358742082;-3,89970286262018;-2,46427493242093;-9,59696799961965
-5,55938686094873;0,817161255925825;-1,14790574087013;-8,47899946329816
-6,34549092017089;-4,39999801141555;-0,880642417451869;-9,38515351729107
-8,06874156800653;-3,33822389632768;0,587018655808707;-11,3715706363266
-4,75566541087016;-2,01496355307491;-2,12740848798285;-7,55253757606352
-2,9740819874242;-3,21618544600576;-0,383353658285557;-5,498879383178
-0,472828373115435;-3,15809801606024;-2,17389804671181;-2,61564646244606
-1,43240537812025;-1,99412363933179;-0,294002677991424;-3,72176540815395
1,13883427927425;-2,06068895035962;-2,50121852343945;-0,75785851567352
-3,12223195963931;-6,71811128690944;-2,96538064638925;-5,66965409976514
-0,676918774881276;0,172414635926531;-0,299541383618779;-2,85090455935012
-7,08475038611469;-2,89450675311372;-0,915394205535371;-10,2373090991875
-3,68232850737743;-2,19547155395197;-1,6871716041202;-6,31528587256445
0,750880797778727;0,900809264317921;-1,10828025868169;-1,20505836904368
-1,42052314562427;-2,58601938994599;-2,8489015877908;-3,70806857880876
1,86131374414001;0,211603514005497;-2,46583782673453;0,074954504860357
-3,08913726936836;0,704082273311513;-1,20587421587294;-5,63150534909676
-2,44029528696218;-5,17053779695332;-0,232014173177322;-4,88357536977579
-4,09269684152966;-1,32394810372084;-1,90310652621099;-6,78832366604731
0,0216846784776936;-2,60447333023025;-2,97107395389584;-2,04561377886354
-1,50863400882909;0,455319029512027;-0,438713765693415;-3,80963530519466
-2,0675781611396;-2,71059064358588;-0,438223531322281;-4,45393869433245
1,25922158198619;0,502441366352693;-0,659564995674405;-0,619086248666477
-2,68989944331983;-3,33570409084711;-3,63386658495441;-5,17129786086783
-5,73019419819611;-4,24502808913619;-3,164858976481;-8,67589166768595
-1,83089124402542;-3,99407358899778;-1,35202393409388;-4,18110610053778
-6,64892592619322;-5,05274087969595;-1,26533346727872;-9,73492764401747
-4,54899910968612;-5,84476521798781;-1,42278147072151;-7,31431020089013
-2,77304267814212;0,679277172561056;0,616824848233848;-5,26713832678637
-3,58302961539805;-2,84175011803529;0,263177819254028;-6,20082253597622
-1,47702145420164;0,00262063931419432;-1,8266046201993;-3,77319503472834
-3,225014432342;-5,45590932397057;-0,292847335754473;-5,78813301260922
-5,88293329012089;-1,89825623808861;-2,83689706698338;-8,85195633206103
-8,58855516890931;-3,35031533046619;-1,69283923990943;-11,9707676462553
-0,596748399320738;-0,18984345457159;-1,92750681129119;-2,75849095332422
-6,43782295468963;-0,724533425991154;0,672298857143989;-9,49158605177685
-1,42229710917487;-0,494105188183857;-0,372226272298052;-3,71011345345882
-9,43460626034441;-4,46764951896165;-1,42142521445658;-12,9460235521307
-2,99772777485518;-1,62348198058327;-1,90696486841542;-5,52613624044654
